Name,DOB,Gender,Phone,Email
Lela Higgins,DOB,Male,(800) 273-6664,vural@apa.tf
Stephen Banks,DOB,Male,(632) 360-1855,kiwifo@ijened.am
Nathaniel Chambers,DOB,Female,(385) 655-8867,dazep@ri.by
Eleanor Hunter,DOB,Female,(605) 567-1937,ru@sa.la
Shawn Boone,DOB,Female,(471) 980-5462,jur@edfevogu.mk
Callie Fletcher,DOB,Female,(256) 438-7465,jockob@palas.bh
Edwin Page,DOB,Male,(526) 651-2051,hoig@zo.ck
Gilbert Reid,DOB,Male,(429) 209-4026,macrab@dajnacwut.pl
Evan Morgan,DOB,Female,(481) 807-8159,siri@ic.nz
Bill Freeman,DOB,Female,(815) 995-9382,di@nihifiv.iq
Fannie Dean,DOB,Male,(363) 767-9577,ju@juutami.by
Travis Parks,DOB,Male,(384) 969-8162,zaicoje@ofolasut.bm
Glen Day,DOB,Female,(653) 887-6996,buwbeddo@oj.yt
Lois Norton,DOB,Female,(522) 209-7397,von@ig.mu
Lucille Harrison,DOB,Male,(521) 710-3646,nifep@wevnin.ma
Leona Blake,DOB,Male,(833) 806-4084,mez@fi.md
Georgia Rice,DOB,Male,(768) 219-1475,oma@si.gn
Vera Taylor,DOB,Male,(229) 325-7485,rogratfun@ter.tp
Rosetta Gardner,DOB,Female,(587) 811-8324,pucope@futip.pf
Gilbert Morrison,DOB,Female,(911) 254-8445,ladfego@foje.ml
Fred Allen,DOB,Male,(675) 835-6443,aw@sovih.sv
Ronald Turner,DOB,Female,(819) 292-4130,wesap@ne.ps
Luis Wolfe,DOB,Male,(247) 542-9212,weofa@cesjawi.tc
Fannie Harrison,DOB,Female,(887) 819-1093,jussebwoh@daasova.wf
Mable Joseph,DOB,Male,(475) 698-7530,giw@hir.gf
Winnie Henderson,DOB,Male,(224) 675-9165,utfurvog@muakme.eh
Phillip Woods,DOB,Male,(544) 450-5100,ati@co.as
Jason Fowler,DOB,Female,(249) 779-2382,nenup@cajmecwer.iq
Florence Hammond,DOB,Female,(422) 410-9731,pihmum@gipwaidu.re
Genevieve Fuller,DOB,Female,(382) 550-1126,owva@ohzi.tj
Ola Kennedy,DOB,Female,(859) 450-8425,patci@boreupu.hk
Daisy Craig,DOB,Male,(851) 270-2014,logwi@jourbok.fi
Randall Steele,DOB,Male,(977) 581-8463,pevvogfis@silek.ba
Alma Wells,DOB,Male,(586) 307-1388,resdigi@sefhalmus.lu
Francis Sherman,DOB,Male,(985) 525-8072,kem@tiifuak.re
Elmer Webster,DOB,Male,(839) 565-5375,ufo@rugej.ki
Joshua Ingram,DOB,Male,(805) 803-1932,iwi@obsu.kz
Agnes Robertson,DOB,Male,(786) 518-8455,dohgat@er.mn
Dennis Newton,DOB,Male,(365) 412-8201,mile@os.se
Vernon Carter,DOB,Male,(225) 868-2579,rojdiuw@tevvep.it
Alejandro Wheeler,DOB,Male,(751) 381-3791,me@gub.sj
Nellie Berry,DOB,Female,(472) 555-6050,hohuh@kuwasec.ki
Stella Norris,DOB,Female,(983) 248-6339,ava@fe.bj
Donald Burke,DOB,Male,(703) 450-5511,ivriz@zedaobe.co.uk
Sam Mathis,DOB,Male,(786) 756-8664,den@vereca.gb
Lucille Lynch,DOB,Female,(857) 335-4174,hulruhi@zikbu.iq
Nora Butler,DOB,Male,(677) 931-2770,er@juwhibnil.kg
Jason Wood,DOB,Male,(301) 408-1882,ibecve@bif.co.uk
Gregory Fields,DOB,Female,(529) 825-6465,pefdu@fico.lu
Maria Vaughn,DOB,Male,(575) 235-4999,wefad@zulkuh.at
Kevin Marsh,DOB,Female,(635) 592-2713,rofwa@wielorag.sm
Gene McKenzie,DOB,Male,(566) 996-6729,obzut@sizin.org
Hallie Webster,DOB,Female,(918) 617-5016,agerovso@vimvahle.hr
Christian Daniels,DOB,Male,(335) 978-7008,gufbegu@namfuse.za
Christina Mullins,DOB,Female,(357) 972-2053,vop@rirajhuc.km
Max Snyder,DOB,Female,(655) 961-6292,kokicpi@jelagasus.tc
Gene Phillips,DOB,Female,(222) 262-4749,sahhim@nel.lv
Alex Reed,DOB,Female,(827) 855-4364,fove@obetum.iq
Elnora Collier,DOB,Female,(912) 772-8408,fev@cu.pl
Lily Hicks,DOB,Male,(752) 306-2185,ibanir@mokvohat.bt
Mina Myers,DOB,Male,(345) 428-7617,pezabu@himi.gu
Owen Turner,DOB,Female,(469) 295-8944,garubwow@zep.ms
Wesley Frazier,DOB,Male,(638) 569-7473,guc@wu.net
Dustin Pena,DOB,Male,(468) 742-4597,jodti@huj.tf
Katherine Scott,DOB,Male,(388) 440-3817,wedarcem@bevni.io
Lettie Sullivan,DOB,Female,(542) 393-3906,duhi@wogem.vc
Norman Goodman,DOB,Female,(233) 445-4281,cimlazve@adelet.tc
Aiden Nelson,DOB,Female,(780) 409-4604,jil@nip.nr
Lydia Burton,DOB,Male,(427) 789-4914,caapo@diligle.tt
Iva Dunn,DOB,Female,(565) 629-8550,ditew@fok.gn
Bertie Jimenez,DOB,Female,(700) 936-4076,ibveze@cotu.cg
Lilly Newton,DOB,Female,(646) 613-4085,juwto@vijahol.mw
Esther Hughes,DOB,Male,(818) 329-1298,cuguroh@gic.wf
Derek Lee,DOB,Female,(933) 661-3531,pomkulu@woofuju.cd
Rebecca Simpson,DOB,Female,(727) 862-9837,ju@guj.la
Cole Allison,DOB,Male,(664) 295-1447,vudezadi@gene.cm
Mary Fernandez,DOB,Female,(805) 595-4708,dak@mugubaha.vg
Gilbert Ward,DOB,Female,(810) 699-7103,wupe@gu.nf
Julia Byrd,DOB,Male,(614) 211-3762,moz@kervuwze.gl
Emma Adams,DOB,Male,(258) 885-1403,igeger@fujudu.gov
Nell Barber,DOB,Female,(731) 761-3812,leb@sip.ck
Vincent Romero,DOB,Male,(467) 784-9497,votfutpor@nasgem.bq
Viola Jackson,DOB,Female,(726) 908-2326,fi@gop.il
Zachary Elliott,DOB,Male,(844) 328-6872,awzomub@wureca.cx
Eva Joseph,DOB,Female,(800) 465-4713,nu@gevuczum.gg
Frances Morgan,DOB,Male,(617) 537-3327,wu@neip.ch
Augusta Parker,DOB,Female,(625) 574-5100,div@pobpo.mc
Cole Clark,DOB,Female,(642) 409-6619,serirom@niwede.gw
Rebecca Keller,DOB,Female,(802) 262-2498,epi@mij.mx
Daniel Jenkins,DOB,Male,(285) 846-6414,gaaf@dujaruke.me
Andre Gilbert,DOB,Female,(508) 477-3475,humku@ov.gw
Frances Gibson,DOB,Male,(415) 733-3211,tedludfiv@favkowwo.fo
Henry Brock,DOB,Female,(788) 633-4187,jijjod@bef.za
Jon Mason,DOB,Male,(836) 657-8940,cigelle@mec.ie
Essie Guerrero,DOB,Female,(570) 990-1691,ama@cug.ma
Bertie Barrett,DOB,Female,(844) 849-9928,su@malluize.tz
Jason Gilbert,DOB,Female,(817) 303-1952,leh@vapa.gy
Mario Leonard,DOB,Male,(201) 421-2738,ocize@nigjumje.st
Sean Gross,DOB,Female,(639) 383-6729,izitu@ehagiggo.ma
Vincent Garcia,DOB,Male,(819) 680-2604,puipo@ew.ki
